User,,
Number,202402221539,
Material,,
Sample,,
area,,
length,,
size,,
strainRate,,
samplingRate,2,
testManner,,
driveBox,1,
motorSpeed,,
maxMotorSpeed,,
motorLength,,
maxMotorLength,,
motorCircle,,
sensorBox,2,
weighForce,,
maxWeighForce,,
CurrentTime,2024-02-22-15:39:46,
more,,
time,stress,Theoretical displacement,Actual displacement,
0.025,-inf,0,93.8725,
0.064,-inf,0,93.8725,
0.093,-inf,0,93.8725,
0.122,-inf,0,93.8725,
0.153,-inf,0,93.8725,
0.182,-inf,0,93.8725,
0.213,-inf,0,93.8725,
0.245,-inf,0,93.8725,
0.275,-inf,0,93.8308,
0.307,-inf,0,93.8203,
0.338,-inf,0,93.8203,
0.369,-inf,0,93.8089,
0.401,-inf,0,93.8089,
0.432,-inf,0,93.7958,
0.463,-inf,0,93.7958,
0.496,-inf,0,93.76,
0.525,-inf,0,93.76,
0.557,-inf,0,93.7367,
0.589,-inf,0,93.7106,
0.619,-inf,0,93.7106,
0.65,-inf,0,93.6847,
0.681,-inf,0,93.6847,
0.714,-inf,0,93.6697,
0.745,-inf,0,93.6117,
0.776,-inf,0,93.5678,
0.807,-inf,0,93.5678,
0.838,-inf,0,93.5569,
0.869,-inf,0,93.5569,
0.902,-inf,0,93.5447,
0.933,-inf,0,93.5447,
0.963,-inf,0,93.5067,
0.995,-inf,0,93.5067,
1.026,-inf,0,93.4589,
1.06,-inf,0,93.4411,
1.091,-inf,0,93.4289,
1.121,-inf,0,93.4289,
1.152,-inf,0,93.4097,
1.182,-inf,0,93.4097,
1.213,-inf,0,93.3958,
1.245,-inf,0,93.3958,
1.276,-inf,0,93.3722,
1.308,-inf,0,93.3375,
1.338,-inf,0,93.3203,
1.372,-inf,0,93.3203,
1.404,-inf,0,93.3203,
1.436,-inf,0,93.2936,
1.465,-inf,0,93.2936,
1.495,-inf,0,93.2814,
1.527,-inf,0,93.2492,
1.557,-inf,0,93.2492,
1.592,-inf,0,93.16,
1.62,-inf,0,93.16,
1.651,-inf,0,93.16,
1.682,-inf,0,93.1467,
1.714,-inf,0,93.1253,
1.744,-inf,0,93.1253,
1.775,-inf,0,93.0906,
1.808,-inf,0,93.0569,
1.842,-inf,0,93.0344,
1.869,-inf,0,93.0344,
1.902,-inf,0,93.0169,
1.932,-inf,0,93.0169,
1.963,-inf,0,93.0056,
1.994,-inf,0,93.0056,
2.025,-inf,0,92.9806,
2.056,-inf,0,92.9572,
2.088,-inf,0,92.9572,
2.122,-inf,0,92.9339,
2.153,-inf,0,92.9339,
2.186,-inf,0,92.9019,
2.215,-inf,0,92.9019,
2.245,-inf,0,92.8717,
2.276,-inf,0,92.8717,
2.307,-inf,0,92.8431,
2.338,-inf,0,92.7978,
2.371,-inf,0,92.7978,
2.402,-inf,0,92.7328,
2.432,-inf,0,92.7328,
2.464,-inf,0,92.7228,
2.494,-inf,0,92.7228,
2.526,-inf,0,92.6783,
2.557,-inf,0,92.6783,
2.589,-inf,0,92.6575,
2.619,-inf,0,92.6575,
2.652,-inf,0,92.6383,
2.685,-inf,0,92.6383,
2.715,-inf,0,92.6119,
2.744,-inf,0,92.6119,
2.776,-inf,0,92.5919,
2.809,-inf,0,92.5686,
2.838,-inf,0,92.5686,
2.872,-inf,0,92.5553,
2.902,-inf,0,92.5553,
2.933,-inf,0,92.5189,
2.964,-inf,0,92.5189,
2.995,-inf,0,92.5189,
3.027,-inf,0,92.4836,
3.059,-inf,0,92.4525,
3.09,-inf,0,92.4233,
3.121,-inf,0,92.4233,
3.152,-inf,0,92.3758,
3.182,-inf,0,92.3758,
3.213,-inf,0,92.3394,
3.244,-inf,0,92.3394,
3.276,-inf,0,92.31,
3.306,-inf,0,92.2917,
3.338,-inf,0,92.2917,
3.372,-inf,0,92.2753,
3.403,-inf,0,92.2753,
3.431,-inf,0,92.2447,
3.463,-inf,0,92.2447,
3.496,-inf,0,92.2058,
3.527,-inf,0,92.2058,
3.558,-inf,0,92.185,
3.59,-inf,0,92.185,
3.621,-inf,0,92.1578,
3.652,-inf,0,92.1578,
3.682,-inf,0,92.1283,
3.714,-inf,0,92.1283,
3.744,-inf,0,92.0861,
3.776,-inf,0,92.0667,
3.808,-inf,0,92.0367,
3.838,-inf,0,92.0367,
3.869,-inf,0,92.0142,
3.901,-inf,0,92.0142,
3.931,-inf,0,91.9983,
3.964,-inf,0,91.9983,
3.994,-inf,0,91.9481,
4.026,-inf,0,91.9064,
4.056,-inf,0,91.9064,
4.089,-inf,0,91.8956,
4.12,-inf,0,91.8956,
4.151,-inf,0,91.8769,
4.183,-inf,0,91.8769,
4.214,-inf,0,91.8494,
4.247,-inf,0,91.8494,
4.278,-inf,0,91.8039,
4.31,-inf,0,91.8039,
4.339,-inf,0,91.7742,
4.371,-inf,0,91.7742,
4.402,-inf,0,91.7497,
4.433,-inf,0,91.7497,
4.463,-inf,0,91.7497,
4.496,-inf,0,91.7497,
4.526,-inf,0,91.7225,
4.557,-inf,0,91.7225,
4.588,-inf,0,91.6911,
4.619,-inf,0,91.6525,
4.652,-inf,0,91.6525,
4.682,-inf,0,91.6125,
4.713,-inf,0,91.6125,
4.744,-inf,0,91.5878,
4.775,-inf,0,91.5878,
4.807,-inf,0,91.5478,
4.842,-inf,0,91.4956,
4.87,-inf,0,91.4956,
4.902,-inf,0,91.4797,
4.933,-inf,0,91.4797,
4.963,-inf,0,91.4578,
4.994,-inf,0,91.4578,
5.025,-inf,0,91.4256,
5.057,-inf,0,91.3744,
5.089,-inf,0,91.3744,
5.12,-inf,0,91.3581,
5.154,-inf,0,91.3581,
5.183,-inf,0,91.3367,
5.213,-inf,0,91.3367,
5.245,-inf,0,91.3125,
5.276,-inf,0,91.2875,
5.308,-inf,0,91.2528,
5.338,-inf,0,91.2528,
5.371,-inf,0,91.2375,
5.402,-inf,0,91.2375,
5.434,-inf,0,91.2256,
5.463,-inf,0,91.2256,
5.495,-inf,0,91.2011,
5.525,-inf,0,91.2011,
5.557,-inf,0,91.1764,
5.589,-inf,0,91.1314,
5.62,-inf,0,91.1314,
5.652,-inf,0,91.0881,
5.683,-inf,0,91.0881,
5.713,-inf,0,91.0622,
5.744,-inf,0,91.0622,
5.776,-inf,0,91.04,
5.808,-inf,0,91.0089,
5.839,-inf,0,90.9797,
5.869,-inf,0,90.9797,
5.901,-inf,0,90.9467,
5.932,-inf,0,90.9467,
5.963,-inf,0,90.9375,
5.995,-inf,0,90.9375,
6.026,-inf,0,90.9153,
6.059,-inf,0,90.8911,
6.089,-inf,0,90.8911,
6.121,-inf,0,90.8731,
6.15,-inf,0,90.8731,
6.182,-inf,0,90.8364,
6.213,-inf,0,90.8364,
6.245,-inf,0,90.8094,
6.275,-inf,0,90.7833,
6.307,-inf,0,90.7833,
6.342,-inf,0,90.7603,
6.37,-inf,0,90.7603,
6.4,-inf,0,90.7603,
6.432,-inf,0,90.7311,
6.464,-inf,0,90.6633,
6.495,-inf,0,90.6633,
6.525,-inf,0,90.6369,
6.556,-inf,0,90.6122,
6.589,-inf,0,90.5894,
6.621,-inf,0,90.5894,
6.651,-inf,0,90.5894,
6.683,-inf,0,0,
6.716,-inf,0,0,
6.746,-inf,0,0,
6.777,-inf,0,0,
6.808,-inf,0,0,
6.839,-inf,0,0,
6.87,-inf,0,0,
6.901,-inf,0,0,
6.932,-inf,0,0,
6.967,-inf,0,0,
6.997,-inf,0,0,
7.029,-inf,0,0,
7.059,-inf,0,0,
7.088,-inf,0,0,
7.121,-inf,0,0,
7.152,-inf,0,0,
7.183,-inf,0,0,
7.215,-inf,0,90.3597,
7.246,-inf,0,90.3597,
7.277,-inf,0,90.3131,
7.31,-inf,0,90.3131,
7.339,-inf,0,90.3131,
7.372,-inf,0,90.245,
7.401,-inf,0,90.245,
7.433,-inf,0,90.2258,
7.463,-inf,0,90.2258,
7.496,-inf,0,90.1992,
7.528,-inf,0,90.1617,
7.559,-inf,0,90.1617,
7.59,-inf,0,90.1239,
7.62,-inf,0,90.1239,
7.65,-inf,0,90.0986,
7.683,-inf,0,90.0986,
7.713,-inf,0,90.0986,
7.746,-inf,0,90.0825,
7.775,-inf,0,90.0581,
7.81,-inf,0,90.0197,
7.839,-inf,0,89.9814,
7.87,-inf,0,89.9814,
7.902,-inf,0,89.965,
7.934,-inf,0,89.965,
7.963,-inf,0,89.9406,
7.996,-inf,0,89.9406,
8.027,-inf,0,89.9217,
8.06,-inf,0,89.9217,
8.088,-inf,0,89.9217,
8.12,-inf,0,89.8631,
8.151,-inf,0,89.8264,
8.184,-inf,0,89.8264,
8.217,-inf,0,89.8106,
8.245,-inf,0,89.8106,
8.279,-inf,0,89.7844,
8.309,-inf,0,89.7519,
8.34,-inf,0,89.7519,
8.372,-inf,0,89.7139,
8.403,-inf,0,89.7139,
8.435,-inf,0,89.6992,
8.465,-inf,0,89.6992,
8.496,-inf,0,89.6753,
8.526,-inf,0,89.6753,
8.557,-inf,0,89.65,
8.588,-inf,0,89.65,
8.62,-inf,0,89.6228,
8.651,-inf,0,89.6228,
8.683,-inf,0,89.6228,
8.715,-inf,0,89.6228,
8.747,-inf,0,89.5825,
8.777,-inf,0,89.5517,
8.808,-inf,0,89.5517,
8.843,-inf,0,89.5242,
8.869,-inf,0,89.5242,
8.903,-inf,0,89.4869,
8.933,-inf,0,89.4869,
8.963,-inf,0,89.4139,
8.995,-inf,0,89.4139,
9.025,-inf,0,89.3939,
9.058,-inf,0,89.3706,
9.088,-inf,0,89.3706,
9.121,-inf,0,89.3356,
9.154,-inf,0,89.3356,
9.183,-inf,0,89.3036,
9.213,-inf,0,89.3036,
9.246,-inf,0,89.2756,
9.279,-inf,0,89.2756,
9.308,-inf,0,89.2553,
9.338,-inf,0,89.2553,
9.37,-inf,0,89.2278,
9.402,-inf,0,89.2278,
9.434,-inf,0,89.1872,
9.465,-inf,0,89.1872,
9.498,-inf,0,89.1531,
9.528,-inf,0,89.1531,
9.561,-inf,0,89.1531,
9.588,-inf,0,89.1292,
9.62,-inf,0,89.1078,
9.653,-inf,0,89.1078,
9.684,-inf,0,89.0789,
9.714,-inf,0,89.0789,
9.745,-inf,0,89.0186,
9.776,-inf,0,89.0186,
9.808,-inf,0,88.9667,
9.838,-inf,0,88.9667,
9.87,-inf,0,88.9347,
9.9,-inf,0,88.9347,
9.933,-inf,0,88.9069,
9.963,-inf,0,88.9069,
9.998,-inf,0,88.8817,
10.026,-inf,0,88.8817,
10.057,-inf,0,88.8569,
10.092,-inf,0,88.8569,
10.122,-inf,0,88.8347,
10.151,-inf,0,88.8347,
10.185,-inf,0,88.8347,
10.216,-inf,0,88.8083,
10.245,-inf,0,88.8083,
10.275,-inf,0,88.7753,
10.307,-inf,0,88.7417,
10.338,-inf,0,88.7047,
10.371,-inf,0,88.7047,
10.402,-inf,0,88.69,
10.434,-inf,0,88.69,
10.466,-inf,0,88.6644,
10.497,-inf,0,88.6644,
10.526,-inf,0,88.6378,
10.558,-inf,0,88.6378,
10.589,-inf,0,88.5778,
10.62,-inf,0,88.5778,
10.652,-inf,0,88.5556,
10.682,-inf,0,88.5556,
10.717,-inf,0,88.5236,
10.745,-inf,0,88.5236,
10.775,-inf,0,88.4733,
10.81,-inf,0,88.4425,
10.84,-inf,0,88.4425,
10.873,-inf,0,88.4425,
10.902,-inf,0,88.4258,
10.932,-inf,0,88.4258,
10.965,-inf,0,88.4033,
10.995,-inf,0,88.4033,
11.026,-inf,0,88.4033,
11.061,-inf,0,88.4033,
11.09,-inf,0,88.4033,
11.124,-inf,0,88.4033,
11.156,-inf,0,88.4033,
11.186,-inf,0,88.3197,
11.216,-inf,0,88.3197,
11.245,-inf,0,88.3197,
11.275,-inf,0,88.2881,
11.307,-inf,0,88.2633,
11.339,-inf,0,88.2633,
11.372,-inf,0,88.2633,
11.401,-inf,0,88.1753,
11.433,-inf,0,88.1347,
11.466,-inf,0,88.1347,
11.495,-inf,0,88.1347,
11.526,-inf,0,88.1214,
11.56,-inf,0,88.1214,
11.588,-inf,0,88.1214,
11.621,-inf,0,88.0686,
11.655,-inf,0,88.0686,
11.685,-inf,0,88.0686,
11.714,-inf,0,88.0317,
11.746,-inf,0,88.0317,
11.775,-inf,0,88.0317,
11.807,-inf,0,88.0106,
11.84,-inf,0,87.9606,
11.87,-inf,0,87.9606,
11.904,-inf,0,87.9236,
11.933,-inf,0,87.9236,
11.963,-inf,0,87.8825,
11.996,-inf,0,87.8825,
12.027,-inf,0,87.8658,
12.059,-inf,0,87.82,
12.089,-inf,0,87.82,
12.123,-inf,0,87.7472,
12.152,-inf,0,87.7472,
12.184,-inf,0,87.7472,
12.216,-inf,0,87.7289,
12.248,-inf,0,87.7289,
12.276,-inf,0,87.7289,
12.31,-inf,0,87.7089,
12.339,-inf,0,87.7089,
12.371,-inf,0,87.6847,
12.401,-inf,0,87.6847,
12.433,-inf,0,87.6489,
12.464,-inf,0,87.6489,
12.497,-inf,0,87.6489,
12.529,-inf,0,87.6072,
12.559,-inf,0,87.6072,
12.588,-inf,0,87.6072,
12.623,-inf,0,87.5858,
12.652,-inf,0,87.5858,
12.683,-inf,0,87.5522,
12.713,-inf,0,87.5522,
12.746,-inf,0,87.5025,
12.776,-inf,0,87.5025,
12.809,-inf,0,87.5025,
12.838,-inf,0,87.4597,
12.874,-inf,0,87.4597,
12.904,-inf,0,87.4597,
12.934,-inf,0,87.4322,
12.963,-inf,0,87.4322,
12.998,-inf,0,87.3928,
13.026,-inf,0,87.3928,
13.058,-inf,0,87.3161,
13.092,-inf,0,87.3161,
13.12,-inf,0,87.2844,
13.151,-inf,0,87.2844,
13.184,-inf,0,87.2517,
13.213,-inf,0,87.2517,
13.246,-inf,0,87.1994,
13.277,-inf,0,87.1994,
13.308,-inf,0,87.1994,
13.344,-inf,0,87.1994,
13.373,-inf,0,87.1783,
0.004,-inf,0,87.1783,
0.035,-inf,0,87.1783,
0.064,-inf,0,87.1542,
0.097,-inf,0,87.1542,
0.13,-inf,0,87.1233,
0.158,-inf,0,87.1233,
0.189,-inf,0,87.1233,
0.223,-inf,0,87.0608,
0.252,-inf,0,87.0608,
0.284,-inf,0,87.0608,
0.315,-inf,0,87.0608,
0.345,-inf,0,87.0608,
0.381,-inf,0,87.0608,
0.409,-inf,0,87.0608,
0.444,-inf,0,87.0608,
0.474,-inf,0,87.0608,
0.502,-inf,0,87.0608,
0.536,-inf,0,87.0608,
0.568,-inf,0,87.0608,
0.595,-inf,0,85.6647,
0.629,-inf,0,85.6647,
0.662,-inf,0,85.3444,
0.696,-inf,0,85.3444,
0.725,-inf,0,85.3444,
0.758,-inf,0,85.0253,
0.794,-inf,0,85.0253,
0.818,-inf,0,85.0253,
0.847,-inf,0,84.39,
0.878,-inf,0,84.39,
0.908,-inf,0,84.0919,
0.939,-inf,0,84.0919,
0.971,-inf,0,83.7142,
1.005,-inf,0,83.7142,
1.033,-inf,0,83.1089,
1.064,-inf,0,83.1089,
1.095,-inf,0,82.6769,
1.129,-inf,0,82.6769,
1.158,-inf,0,82.3642,
1.189,-inf,0,82.1586,
1.22,-inf,0,82.1586,
1.252,-inf,0,81.7411,
1.283,-inf,0,81.7411,
1.317,-inf,0,81.7411,
1.345,-inf,0,81.5831,
1.381,-inf,0,81.5831,
1.411,-inf,0,81.2444,
1.443,-inf,0,81.2444,
1.472,-inf,0,80.9264,
1.504,-inf,0,80.9264,
1.533,-inf,0,80.6325,
1.568,-inf,0,80.6325,
1.596,-inf,0,80.3133,
1.627,-inf,0,80.3133,
1.659,-inf,0,79.9953,
1.693,-inf,0,79.6897,
1.72,-inf,0,79.6897,
1.755,-inf,0,79.6897,
1.783,-inf,0,79.3769,
1.821,-inf,0,79.3769,
1.851,-inf,0,79.0881,
1.882,-inf,0,79.0881,
1.91,-inf,0,79.0881,
1.939,-inf,0,79.0881,
1.971,-inf,0,78.7456,
2.005,-inf,0,78.7456,
2.033,-inf,0,78.4267,
2.068,-inf,0,78.4267,
2.096,-inf,0,78.1075,
2.132,-inf,0,78.1075,
2.158,-inf,0,78.1075,
2.194,-inf,0,77.4803,
2.22,-inf,0,77.4803,
2.253,-inf,0,77.1683,
2.285,-inf,0,77.1683,
2.316,-inf,0,77.1683,
2.345,-inf,0,76.8619,
2.383,-inf,0,76.8619,
2.411,-inf,0,76.5019,
2.44,-inf,0,76.5019,
2.47,-inf,0,76.5019,
2.502,-inf,0,76.5019,
2.533,-inf,0,76.0558,
2.572,-inf,0,76.0558,
2.608,-inf,0,76.0558,
2.632,-inf,0,76.0558,
2.663,-inf,0,76.0558,
2.693,-inf,0,75.6219,
2.725,-inf,0,75.6219,
2.753,-inf,0,75.6219,
2.784,-inf,0,75.2906,
2.815,-inf,0,75.2906,
2.847,-inf,0,75.2906,
2.879,-inf,0,74.6783,
2.908,-inf,0,74.6783,
2.939,-inf,0,74.6783,
2.97,-inf,0,73.9947,
3.003,-inf,0,73.9947,
3.034,-inf,0,73.3975,
3.069,-inf,0,73.3975,
3.096,-inf,0,73.3975,
3.129,-inf,0,72.9242,
3.158,-inf,0,72.4681,
3.189,-inf,0,72.4681,
3.222,-inf,0,72.4681,
3.253,-inf,0,72.1397,
3.284,-inf,0,72.1397,
3.314,-inf,0,72.1397,
3.349,-inf,0,71.7997,
3.379,-inf,0,71.7997,
3.408,-inf,0,71.3642,
3.44,-inf,0,71.3642,
3.47,-inf,0,70.9164,
3.504,-inf,0,70.9164,
3.533,-inf,0,70.9164,
3.571,-inf,0,70.6194,
3.598,-inf,0,70.6194,
3.629,-inf,0,70.6194,
3.659,-inf,0,70.2428,
3.69,-inf,0,70.2428,
3.723,-inf,0,69.8028,
3.755,-inf,0,69.8028,
3.789,-inf,0,69.5258,
3.821,-inf,0,69.5258,
3.852,-inf,0,69.035,
3.886,-inf,0,69.035,
3.913,-inf,0,69.035,
3.942,-inf,0,68.7075,
3.972,-inf,0,68.7075,
4.008,-inf,0,68.7075,
4.035,-inf,0,68.7075,
4.068,-inf,0,68.4114,
4.097,-inf,0,68.4114,
4.128,-inf,0,68.0308,
4.16,-inf,0,68.0308,
4.193,-inf,0,67.5761,
4.224,-inf,0,67.5761,
4.257,-inf,0,66.9933,
4.282,-inf,0,66.9933,
4.317,-inf,0,66.9933,
4.347,-inf,0,66.6531,
4.376,-inf,0,66.6531,
4.41,-inf,0,66.2069,
4.442,-inf,0,66.2069,
4.472,-inf,0,66.2069,
4.507,-inf,0,66.2069,
4.535,-inf,0,66.0131,
4.569,-inf,0,66.0131,
4.596,-inf,0,65.4506,
4.628,-inf,0,65.4506,
4.66,-inf,0,65.1064,
4.693,-inf,0,65.1064,
4.723,-inf,0,65.1064,
4.754,-inf,0,65.1064,
4.783,-inf,0,64.6331,
4.817,-inf,0,64.6331,
4.847,-inf,0,64.6331,
4.878,-inf,0,64.3186,
4.91,-inf,0,64.3186,
4.947,-inf,0,63.8436,
4.975,-inf,0,63.8436,
5.009,-inf,0,63.3639,
5.036,-inf,0,63.3639,
5.067,-inf,0,63.3639,
5.096,-inf,0,62.9006,
5.132,-inf,0,62.9006,
5.165,-inf,0,62.5731,
5.196,-inf,0,62.5731,
5.221,-inf,0,62.2414,
5.255,-inf,0,62.2414,
5.289,-inf,0,62.2414,
5.316,-inf,0,62.2414,
5.346,-inf,0,61.7986,
5.379,-inf,0,61.7986,
5.407,-inf,0,61.5003,
5.442,-inf,0,61.5003,
5.472,-inf,0,61.15,
5.507,-inf,0,61.15,
5.534,-inf,0,61.15,
5.57,-inf,0,60.6642,
5.6,-inf,0,60.6642,
5.633,-inf,0,60.6642,
5.661,-inf,0,60.2444,
5.691,-inf,0,60.2444,
5.72,-inf,0,60.2444,
5.756,-inf,0,60.2444,
5.784,-inf,0,59.9406,
5.819,-inf,0,59.9406,
5.851,-inf,0,59.4406,
5.885,-inf,0,59.4406,
5.909,-inf,0,59.4406,
5.941,-inf,0,58.9553,
5.971,-inf,0,58.9553,
6.002,-inf,0,58.9553,
6.033,-inf,0,58.9553,
6.07,-inf,0,58.3403,
6.1,-inf,0,58.3403,
6.131,-inf,0,58.3403,
6.162,-inf,0,58.0422,
6.196,-inf,0,58.0422,
6.223,-inf,0,58.0422,
6.255,-inf,0,57.6853,
6.284,-inf,0,57.6853,
6.319,-inf,0,56.9406,
6.348,-inf,0,56.9406,
6.378,-inf,0,56.4522,
6.41,-inf,0,56.4522,
6.439,-inf,0,56.4522,
6.47,-inf,0,55.9811,
6.505,-inf,0,55.9811,
6.534,-inf,0,55.9811,
6.569,-inf,0,55.5372,
6.597,-inf,0,55.5372,
6.63,-inf,0,55.3647,
6.658,-inf,0,55.3647,
6.692,-inf,0,54.9058,
6.721,-inf,0,54.4208,
6.755,-inf,0,54.4208,
6.786,-inf,0,54.4208,
6.817,-inf,0,54.4208,
6.846,-inf,0,54.1114,
6.881,-inf,0,54.1114,
6.909,-inf,0,54.1114,
6.945,-inf,0,53.8078,
6.975,-inf,0,53.8078,
7.003,-inf,0,53.8078,
7.034,-inf,0,53.5019,
7.067,-inf,0,53.5019,
7.096,-inf,0,53.1453,
7.127,-inf,0,53.1453,
7.158,-inf,0,52.5542,
7.189,-inf,0,52.5542,
7.22,-inf,0,52.0764,
7.254,-inf,0,52.0764,
7.283,-inf,0,51.7469,
7.317,-inf,0,51.7469,
7.346,-inf,0,51.7469,
7.381,-inf,0,51.4567,
7.411,-inf,0,51.4567,
7.443,-inf,0,51.4567,
7.476,-inf,0,51.1483,
7.509,-inf,0,51.1483,
7.536,-inf,0,50.8472,
7.57,-inf,0,50.8472,
7.598,-inf,0,50.5006,
7.628,-inf,0,50.5006,
7.658,-inf,0,50.0225,
7.689,-inf,0,50.0225,
7.722,-inf,0,49.5367,
7.756,-inf,0,49.5367,
7.786,-inf,0,49.5367,
7.822,-inf,0,49.2233,
7.854,-inf,0,49.2233,
7.88,-inf,0,49.2233,
7.909,-inf,0,49.2233,
7.943,-inf,0,48.8133,
7.972,-inf,0,48.8133,
8.003,-inf,0,48.8133,
8.036,-inf,0,48.4956,
8.064,-inf,0,48.4956,
8.098,-inf,0,48.1353,
8.128,-inf,0,48.1353,
8.158,-inf,0,47.6772,
8.193,-inf,0,47.2078,
8.22,-inf,0,47.2078,
8.256,-inf,0,47.2078,
8.284,-inf,0,47.2078,
8.319,-inf,0,46.7775,
8.348,-inf,0,46.7775,
8.38,-inf,0,46.4258,
8.409,-inf,0,46.145,
8.44,-inf,0,46.145,
8.47,-inf,0,46.145,
8.506,-inf,0,46.145,
8.533,-inf,0,45.6672,
8.569,-inf,0,45.6672,
8.595,-inf,0,45.4683,
8.631,-inf,0,45.4683,
8.658,-inf,0,45.4683,
8.696,-inf,0,45.0481,
8.726,-inf,0,45.0481,
8.759,-inf,0,45.0481,
8.786,-inf,0,44.5642,
8.818,-inf,0,44.5642,
8.851,-inf,0,44.5642,
8.88,-inf,0,44.2428,
8.908,-inf,0,44.2428,
8.944,-inf,0,44.2428,
8.973,-inf,0,43.7622,
9.006,-inf,0,43.7622,
9.036,-inf,0,43.7622,
9.065,-inf,0,43.2753,
9.096,-inf,0,42.9733,
9.127,-inf,0,42.9733,
9.158,-inf,0,42.3728,
9.189,-inf,0,42.3728,
9.22,-inf,0,42.0269,
9.252,-inf,0,42.0269,
9.283,-inf,0,42.0269,
9.321,-inf,0,41.5931,
9.348,-inf,0,41.5931,
9.379,-inf,0,41.5931,
9.409,-inf,0,41.2833,
9.445,-inf,0,41.2833,
9.471,-inf,0,41.2833,
9.507,-inf,0,40.9658,
9.534,-inf,0,40.9658,
9.57,-inf,0,40.6275,
9.599,-inf,0,40.6275,
9.63,-inf,0,40.1419,
9.66,-inf,0,40.1419,
9.69,-inf,0,40.1419,
9.72,-inf,0,39.6789,
9.757,-inf,0,39.6789,
9.787,-inf,0,39.6789,
9.819,-inf,0,39.6789,
9.852,-inf,0,39.3722,
9.888,-inf,0,39.3722,
9.918,-inf,0,39.3722,
9.948,-inf,0,39.0539,
9.981,-inf,0,39.0539,
10.01,-inf,0,39.0539,
10.037,-inf,0,38.5967,
10.068,-inf,0,38.5967,
10.096,-inf,0,38.5967,
10.128,-inf,0,38.0997,
10.158,-inf,0,38.0997,
10.198,-inf,0,37.4472,
10.232,-inf,0,37.4472,
10.26,-inf,0,37.4472,
10.289,-inf,0,37.4472,
10.319,-inf,0,37.1344,
10.349,-inf,0,37.1344,
10.381,-inf,0,37.1344,
10.41,-inf,0,37.1344,
10.447,-inf,0,36.5525,
10.475,-inf,0,36.09,
10.51,-inf,0,36.09,
10.536,-inf,0,36.09,
10.572,-inf,0,35.7458,
10.607,-inf,0,35.7458,
10.638,-inf,0,35.1153,
10.665,-inf,0,35.1153,
10.696,-inf,0,35.1153,
10.722,-inf,0,34.7906,
10.755,-inf,0,34.7906,
10.787,-inf,0,34.7906,
10.819,-inf,0,34.4783,
10.846,-inf,0,34.4783,
10.877,-inf,0,33.9789,
10.909,-inf,0,33.9789,
10.939,-inf,0,33.9789,
10.971,-inf,0,33.7056,
11.007,-inf,0,33.7056,
11.033,-inf,0,33.2525,
11.069,-inf,0,33.2525,
11.101,-inf,0,33.2525,
11.133,-inf,0,32.7914,
11.158,-inf,0,32.7914,
11.194,-inf,0,32.7914,
11.222,-inf,0,32.7914,
11.259,-inf,0,32.3217,
11.285,-inf,0,32.3217,
11.319,-inf,0,32.3217,
11.347,-inf,0,32.0256,
11.381,-inf,0,32.0256,
11.409,-inf,0,32.0256,
11.446,-inf,0,31.5086,
11.475,-inf,0,31.5086,
11.505,-inf,0,30.9286,
11.533,-inf,0,30.9286,
11.567,-inf,0,30.4511,
11.599,-inf,0,30.4511,
11.63,-inf,0,30.4511,
11.657,-inf,0,29.9717,
11.696,-inf,0,29.9717,
11.722,-inf,0,29.7794,
11.754,-inf,0,29.7794,
11.785,-inf,0,29.7794,
11.819,-inf,0,29.7794,
11.847,-inf,0,29.3417,
11.879,-inf,0,29.3417,
11.914,-inf,0,28.8608,
11.944,-inf,0,28.8608,
11.971,-inf,0,28.8608,
12.004,-inf,0,28.5278,
12.033,-inf,0,28.5278,
12.07,-inf,0,28.5278,
12.103,-inf,0,27.9581,
12.135,-inf,0,27.9581,
12.162,-inf,0,27.9581,
12.195,-inf,0,27.6106,
12.223,-inf,0,27.6106,
12.256,-inf,0,27.6106,
12.293,-inf,0,27.1528,
12.328,-inf,0,27.1528,
12.36,-inf,0,27.1528,
12.388,-inf,0,27.1528,
12.415,-inf,0,26.6958,
12.446,-inf,0,26.6958,
12.473,-inf,0,26.6958,
12.509,-inf,0,26.1894,
12.535,-inf,0,26.1894,
12.57,-inf,0,26.1894,
12.596,-inf,0,25.7453,
12.631,-inf,0,25.7453,
12.659,-inf,0,25.7453,
12.696,-inf,0,25.7453,
12.726,-inf,0,25.0619,
12.762,-inf,0,25.0619,
12.79,-inf,0,25.0619,
12.818,-inf,0,25.0619,
12.851,-inf,0,25.0619,
12.882,-inf,0,24.6344,
12.909,-inf,0,24.6344,
12.941,-inf,0,24.6344,
12.971,-inf,0,24.6344,
13.004,-inf,0,24.1658,
13.034,-inf,0,24.1658,
13.068,-inf,0,24.1658,
13.099,-inf,0,24.1658,
13.133,-inf,0,23.5531,
13.163,-inf,0,23.5531,
13.192,-inf,0,23.5531,
13.221,-inf,0,22.9072,
13.255,-inf,0,22.9072,
13.285,-inf,0,22.9072,
13.317,-inf,0,22.9072,
13.346,-inf,0,22.1356,
13.38,-inf,0,22.1356,
13.411,-inf,0,22.1356,
13.445,-inf,0,21.6472,
13.472,-inf,0,21.6472,
13.509,-inf,0,21.6472,
13.535,-inf,0,21.6472,
13.569,-inf,0,21.1681,
13.601,-inf,0,21.1681,
13.631,-inf,0,21.1681,
13.659,-inf,0,20.5411,
13.694,-inf,0,20.5411,
13.723,-inf,0,20.5411,
13.759,-inf,0,19.9281,
13.79,-inf,0,19.9281,
13.821,-inf,0,19.9281,
13.852,-inf,0,19.3253,
13.884,-inf,0,19.3253,
13.916,-inf,0,19.3253,
13.944,-inf,0,19.3253,
13.975,-inf,0,19.3253,
14.007,-inf,0,18.9611,
14.038,-inf,0,18.9611,
14.071,-inf,0,18.9611,
14.095,-inf,0,18.3581,
14.132,-inf,0,18.3581,
14.167,-inf,0,18.3581,
14.203,-inf,0,17.8742,
14.225,-inf,0,17.8742,
14.257,-inf,0,17.8742,
14.287,-inf,0,17.8742,
14.319,-inf,0,17.1244,
14.348,-inf,0,17.1244,
14.38,-inf,0,17.1244,
14.415,-inf,0,16.6131,
14.453,-inf,0,16.6131,
14.489,-inf,0,16.6131,
14.527,-inf,0,16.1303,
14.551,-inf,0,16.1303,
14.581,-inf,0,16.1303,
14.612,-inf,0,16.1303,
14.642,-inf,0,16.1303,
14.669,-inf,0,15.5128,
14.695,-inf,0,15.5128,
14.724,-inf,0,15.5128,
14.758,-inf,0,15.5128,
14.791,-inf,0,15.0778,
14.822,-inf,0,15.0778,
14.848,-inf,0,15.0778,
14.879,-inf,0,15.0778,
14.909,-inf,0,14.5178,
14.942,-inf,0,14.5178,
14.973,-inf,0,14.5178,
15.006,-inf,0,14.5178,
15.035,-inf,0,13.8842,
15.067,-inf,0,13.8842,
15.097,-inf,0,13.8842,
15.131,-inf,0,13.1553,
15.158,-inf,0,13.1553,
15.195,-inf,0,13.1553,
15.228,-inf,0,12.565,
15.255,-inf,0,12.565,
15.284,-inf,0,12.565,
15.315,-inf,0,12.565,
15.348,-inf,0,11.9733,
15.379,-inf,0,11.9733,
15.408,-inf,0,11.4594,
15.447,-inf,0,11.4594,
15.476,-inf,0,11.4594,
15.505,-inf,0,11.4594,
15.532,-inf,0,10.9883,
15.567,-inf,0,10.9883,
15.596,-inf,0,10.9883,
15.628,-inf,0,10.4183,
15.657,-inf,0,10.4183,
15.695,-inf,0,10.4183,
15.73,-inf,0,10.0456,
15.768,-inf,0,10.0456,
15.803,-inf,0,10.0456,
15.842,-inf,0,10.0456,
15.875,-inf,0,10.0456,
15.909,-inf,0,9.40889,
15.943,-inf,0,9.40889,
15.974,-inf,0,9.40889,
16.006,-inf,0,9.40889,
16.036,-inf,0,9.10139,
16.07,-inf,0,9.10139,
16.101,-inf,0,9.10139,
16.138,-inf,0,8.4625,
16.165,-inf,0,8.4625,
16.206,-inf,0,8.4625,
16.239,-inf,0,7.70611,
16.274,-inf,0,7.70611,
16.304,-inf,0,7.70611,
16.333,-inf,0,7.70611,
16.364,-inf,0,7.0625,
16.395,-inf,0,7.0625,
16.428,-inf,0,7.0625,
16.464,-inf,0,6.42722,
16.494,-inf,0,6.42722,
16.525,-inf,0,6.42722,
16.557,-inf,0,5.90944,
16.588,-inf,0,5.90944,
16.611,-inf,0,5.90944,
16.644,-inf,0,5.40444,
16.666,-inf,0,5.40444,
16.7,-inf,0,5.40444,
16.733,-inf,0,5.40444,
16.768,-inf,0,4.78361,
16.8,-inf,0,4.78361,
16.833,-inf,0,4.78361,
16.865,-inf,0,4.28889,
16.899,-inf,0,4.28889,
16.931,-inf,0,4.28889,
16.972,-inf,0,3.85028,
17.004,-inf,0,3.85028,
17.038,-inf,0,3.85028,
17.068,-inf,0,3.85028,
17.101,-inf,0,3.85028,
17.138,-inf,0,3.26222,
17.164,-inf,0,3.26222,
17.204,-inf,0,3.26222,
17.227,-inf,0,3.26222,
17.26,-inf,0,3.26222,
17.293,-inf,0,2.73444,
17.326,-inf,0,2.73444,
17.353,-inf,0,2.73444,
17.388,-inf,0,2.73444,
17.413,-inf,0,2.73444,
17.451,-inf,0,2.25611,
17.479,-inf,0,2.25611,
17.509,-inf,0,2.25611,
17.541,-inf,0,2.25611,
17.573,-inf,0,2.25611,
17.601,-inf,0,1.59472,
17.634,-inf,0,1.59472,
17.661,-inf,0,1.59472,
17.694,-inf,0,0.780833,
17.726,-inf,0,0.780833,
17.76,-inf,0,0.780833,
17.79,-inf,0,0.780833,
17.819,-inf,0,-0.17,
17.847,-inf,0,-0.17,
17.886,-inf,0,-0.17,
17.912,-inf,0,-0.803056,
17.942,-inf,0,-0.803056,
17.971,-inf,0,-0.803056,
18.009,-inf,0,-1.37389,
18.04,-inf,0,-1.37389,
18.072,-inf,0,-1.37389,
18.1,-inf,0,-1.88306,
18.134,-inf,0,-1.88306,
18.162,-inf,0,-1.88306,
18.194,-inf,0,-2.47056,
18.226,-inf,0,-2.47056,
18.257,-inf,0,-2.47056,
18.283,-inf,0,-2.47056,
18.315,-inf,0,-2.95611,
18.348,-inf,0,-2.95611,
18.379,-inf,0,-2.95611,
18.411,-inf,0,-3.43583,
18.451,-inf,0,-3.43583,
18.486,-inf,0,-3.43583,
18.512,-inf,0,-3.43583,
18.534,-inf,0,-3.43583,
18.575,-inf,0,-3.92306,
18.597,-inf,0,-3.92306,
18.627,-inf,0,-3.92306,
18.662,-inf,0,-4.39056,
18.693,-inf,0,-4.39056,
18.727,-inf,0,-4.39056,
18.753,-inf,0,-4.39056,
18.783,-inf,0,-5.00194,
18.817,-inf,0,-5.00194,
18.846,-inf,0,-5.00194,
18.883,-inf,0,-5.78222,
18.909,-inf,0,-5.78222,
18.944,-inf,0,-5.78222,
18.975,-inf,0,-6.38861,
19.011,-inf,0,-6.38861,
19.046,-inf,0,-6.99722,
19.083,-inf,0,-6.99722,
19.112,-inf,0,-6.99722,
19.14,-inf,0,-7.35417,
19.169,-inf,0,-7.35417,
19.199,-inf,0,-7.35417,
19.229,-inf,0,-7.80472,
19.261,-inf,0,-7.80472,
19.291,-inf,0,-7.80472,
19.325,-inf,0,-7.80472,
19.349,-inf,0,-7.80472,
19.383,-inf,0,-8.15889,
19.413,-inf,0,-8.15889,
19.446,-inf,0,-8.15889,
19.474,-inf,0,-8.15889,
19.505,-inf,0,-8.68167,
19.533,-inf,0,-8.68167,
19.567,-inf,0,-8.68167,
19.597,-inf,0,-9.09694,
19.633,-inf,0,-9.09694,
19.662,-inf,0,-9.09694,
19.695,-inf,0,-9.88028,
19.726,-inf,0,-9.88028,
19.756,-inf,0,-9.88028,
19.785,-inf,0,-10.4653,
19.817,-inf,0,-10.4653,
19.851,-inf,0,-10.4653,
19.882,-inf,0,-10.9053,
19.912,-inf,0,-10.9053,
19.942,-inf,0,-10.9053,
19.972,-inf,0,-10.9053,
20.006,-inf,0,-10.9053,
20.038,-inf,0,-11.45,
20.069,-inf,0,-11.45,
20.097,-inf,0,-11.45,
20.13,-inf,0,-11.9019,
20.158,-inf,0,-11.9019,
20.194,-inf,0,-11.9019,
20.223,-inf,0,-11.9019,
20.255,-inf,0,-12.3975,
20.283,-inf,0,-12.3975,
20.321,-inf,0,-12.3975,
20.348,-inf,0,-12.3975,
20.385,-inf,0,-13.1497,
20.415,-inf,0,-13.1497,
20.448,-inf,0,-13.1497,
20.478,-inf,0,-13.6356,
20.509,-inf,0,-13.6356,
20.54,-inf,0,-13.6356,
20.572,-inf,0,-14.0903,
20.6,-inf,0,-14.0903,
20.634,-inf,0,-14.0903,
20.662,-inf,0,-14.0903,
20.693,-inf,0,-14.8908,
20.72,-inf,0,-14.8908,
20.757,-inf,0,-14.8908,
20.783,-inf,0,-14.8908,
20.82,-inf,0,-15.2225,
20.85,-inf,0,-15.2225,
20.88,-inf,0,-15.2225,
20.911,-inf,0,-15.2225,
20.943,-inf,0,-15.6842,
20.971,-inf,0,-15.6842,
21.003,-inf,0,-15.6842,
21.032,-inf,0,-16.4389,
21.071,-inf,0,-16.4389,
21.101,-inf,0,-16.4389,
21.133,-inf,0,-16.4389,
21.162,-inf,0,-16.9333,
21.194,-inf,0,-16.9333,
21.223,-inf,0,-16.9333,
21.254,-inf,0,-16.9333,
21.284,-inf,0,-17.5375,
21.316,-inf,0,-17.5375,
21.346,-inf,0,-17.5375,
21.38,-inf,0,-17.5375,
21.409,-inf,0,-18.2844,
21.444,-inf,0,-18.2844,
21.474,-inf,0,-18.2844,
21.507,-inf,0,-18.8075,
21.537,-inf,0,-18.8075,
21.571,-inf,0,-18.8075,
21.6,-inf,0,-18.8075,
21.635,-inf,0,-19.265,
21.663,-inf,0,-19.265,
21.694,-inf,0,-19.265,
21.724,-inf,0,-19.9031,
21.757,-inf,0,-19.9031,
21.788,-inf,0,-19.9031,
21.823,-inf,0,-20.5319,
21.856,-inf,0,-20.5319,
21.892,-inf,0,-20.5319,
21.921,-inf,0,-20.5319,
21.955,-inf,0,-21.0178,
21.981,-inf,0,-21.0178,
22.018,-inf,0,-21.0178,
22.047,-inf,0,-21.0178,
22.08,-inf,0,-21.0178,
22.113,-inf,0,-21.4867,
22.145,-inf,0,-21.4867,
22.173,-inf,0,-21.4867,
22.206,-inf,0,-22.1092,
22.237,-inf,0,-22.1092,
22.268,-inf,0,-22.1092,
22.296,-inf,0,-22.1092,
22.328,-inf,0,-22.7825,
22.358,-inf,0,-22.7825,
22.39,-inf,0,-22.7825,
22.416,-inf,0,-23.4022,
22.444,-inf,0,-23.4022,
22.476,-inf,0,-23.4022,
22.508,-inf,0,-23.4022,
22.537,-inf,0,-23.9014,
22.572,-inf,0,-23.9014,
22.599,-inf,0,-23.9014,
22.628,-inf,0,-24.5142,
22.657,-inf,0,-24.5142,
22.696,-inf,0,-24.5142,
22.729,-inf,0,-24.5142,
22.761,-inf,0,-24.9639,
22.789,-inf,0,-24.9639,
22.828,-inf,0,-24.9639,
22.86,-inf,0,-24.9639,
22.894,-inf,0,-25.5631,
22.922,-inf,0,-25.5631,
22.959,-inf,0,-25.5631,
22.989,-inf,0,-25.5631,
23.023,-inf,0,-26.0306,
23.099,-inf,0,-26.0306,
23.134,-inf,0,-26.0306,
23.172,-inf,0,-26.0306,
23.203,-inf,0,-26.0306,
23.234,-inf,0,-26.0306,
23.262,-inf,0,-26.0306,
23.29,-inf,0,-26.0306,
23.329,-inf,0,-26.0306,
23.355,-inf,0,-26.0306,
23.394,-inf,0,-26.0306,
23.42,-inf,0,-26.0306,
23.448,-inf,0,-26.0306,
23.476,-inf,0,-26.0306,
23.514,-inf,0,-26.0306,
23.547,-inf,0,-26.0306,
23.583,-inf,0,-26.0306,
23.613,-inf,0,-26.0306,
23.652,-inf,0,-26.0306,
23.677,-inf,0,-26.0306,
23.709,-inf,0,-26.0306,
23.737,-inf,0,-26.0306,
23.77,-inf,0,-26.65,
23.804,-inf,0,-26.65,
23.841,-inf,0,-26.65,
23.877,-inf,0,-26.65,
23.91,-inf,0,-26.65,
23.949,-inf,0,-27.3119,
23.976,-inf,0,-27.3119,
24.009,-inf,0,-27.3119,
24.047,-inf,0,-27.3119,
24.077,-inf,0,-27.3119,
24.109,-inf,0,-27.9817,
24.142,-inf,0,-27.9817,
24.173,-inf,0,-27.9817,
24.205,-inf,0,-27.9817,
24.23,-inf,0,-31.7161,
24.265,-inf,0,-31.7161,
24.297,-inf,0,-31.7161,
24.354,-inf,0,-31.7161,
24.386,-inf,0,-31.7161,
24.42,-inf,0,-31.7161,
24.45,-inf,0,-31.7161,
24.475,-inf,0,-31.7161,
24.51,-inf,0,-31.7161,
24.546,-inf,0,-31.7161,
24.579,-inf,0,-31.7161,
24.605,-inf,0,-31.7161,
24.638,-inf,0,-31.7161,
24.665,-inf,0,-31.7161,
24.697,-inf,0,-31.7161,
24.731,-inf,0,-32.7136,
24.764,-inf,0,-32.7136,
24.797,-inf,0,-32.7136,
24.833,-inf,0,-33.5919,
24.857,-inf,0,-33.5919,
24.9,-inf,0,-33.5919,
24.929,-inf,0,-33.5919,
24.962,-inf,0,-33.5919,
24.996,-inf,0,-34.0814,
25.033,-inf,0,-34.0814,
25.073,-inf,0,-34.0814,
25.105,-inf,0,-34.6944,
25.141,-inf,0,-34.6944,
25.172,-inf,0,-34.6944,
25.204,-inf,0,-37.1967,
25.227,-inf,0,-37.1967,
25.26,-inf,0,-37.1967,
25.289,-inf,0,-37.1967,
25.321,-inf,0,-37.1967,
25.353,-inf,0,-37.8614,
25.38,-inf,0,-37.8614,
25.41,-inf,0,-37.8614,
25.441,-inf,0,-37.8614,
25.47,-inf,0,-37.8614,
25.509,-inf,0,-38.5297,
25.536,-inf,0,-38.5297,
25.573,-inf,0,-38.9222,
25.595,-inf,0,-38.9222,
25.633,-inf,0,-38.9222,
25.659,-inf,0,-38.9222,
25.693,-inf,0,-38.9222,
25.731,-inf,0,-39.6647,
25.767,-inf,0,-39.6647,
25.794,-inf,0,-39.6647,
25.828,-inf,0,-40.4167,
25.858,-inf,0,-40.4167,
25.881,-inf,0,-40.4167,
25.911,-inf,0,-40.4167,
25.946,-inf,0,-41.0428,
25.976,-inf,0,-41.0428,
26.013,-inf,0,-41.0428,
26.042,-inf,0,-41.5286,
26.073,-inf,0,-41.5286,
26.104,-inf,0,-41.5286,
26.137,-inf,0,-41.5286,
26.166,-inf,0,-42.0472,
26.201,-inf,0,-42.0472,
26.228,-inf,0,-42.0472,
26.264,-inf,0,-42.0472,
26.294,-inf,0,-42.6467,
26.325,-inf,0,-42.6467,
26.357,-inf,0,-42.6467,
26.391,-inf,0,-42.6467,
26.42,-inf,0,-43.275,
26.453,-inf,0,-43.275,
26.482,-inf,0,-43.275,
26.512,-inf,0,-43.275,
26.539,-inf,0,-43.7569,
26.569,-inf,0,-43.7569,
26.6,-inf,0,-43.7569,
26.633,-inf,0,-43.7569,
26.66,-inf,0,-44.3911,
26.693,-inf,0,-44.3911,
26.721,-inf,0,-44.3911,
26.757,-inf,0,-44.3911,
26.789,-inf,0,-45.0336,
26.823,-inf,0,-45.0336,
26.846,-inf,0,-45.0336,
26.88,-inf,0,-45.6572,
26.913,-inf,0,-45.6572,
26.948,-inf,0,-45.6572,
26.98,-inf,0,-45.6572,
27.016,-inf,0,-46.2422,
27.044,-inf,0,-46.2422,
27.078,-inf,0,-46.2422,
27.107,-inf,0,-46.8711,
27.139,-inf,0,-46.8711,
27.165,-inf,0,-46.8711,
27.2,-inf,0,-46.8711,
27.227,-inf,0,-47.4756,
27.258,-inf,0,-47.4756,
27.289,-inf,0,-47.4756,
27.317,-inf,0,-47.9722,
27.345,-inf,0,-47.9722,
27.38,-inf,0,-47.9722,
27.409,-inf,0,-47.9722,
27.446,-inf,0,-48.6581,
27.475,-inf,0,-48.6581,
27.509,-inf,0,-48.6581,
27.542,-inf,0,-49.2017,
27.573,-inf,0,-49.2017,
27.604,-inf,0,-49.2017,
27.635,-inf,0,-49.2017,
27.665,-inf,0,-49.6997,
27.693,-inf,0,-49.6997,
27.723,-inf,0,-49.6997,
27.759,-inf,0,-49.6997,
27.784,-inf,0,-49.6997,
27.821,-inf,0,-49.6997,
27.852,-inf,0,-50.1564,
27.884,-inf,0,-50.1564,
27.916,-inf,0,-50.1564,
27.943,-inf,0,-50.1564,
27.974,-inf,0,-50.1564,
28.004,-inf,0,-50.7836,
28.035,-inf,0,-50.7836,
28.069,-inf,0,-51.4381,
28.1,-inf,0,-51.4381,
28.133,-inf,0,-51.4381,
28.162,-inf,0,-51.4381,
28.196,-inf,0,-52.1842,
28.226,-inf,0,-52.1842,
28.262,-inf,0,-52.1842,
28.294,-inf,0,-52.1842,
28.331,-inf,0,-53.1197,
28.364,-inf,0,-53.1197,
28.4,-inf,0,-53.1197,
28.432,-inf,0,-53.1197,
28.464,-inf,0,-53.4469,
28.488,-inf,0,-53.4469,
28.528,-inf,0,-53.4469,
28.628,-inf,0,-54.0656,
28.664,-inf,0,-54.0656,
28.705,-inf,0,-54.0656,
28.737,-inf,0,-54.5725,
28.781,-inf,0,-54.5725,
28.832,-inf,0,-54.5725,
28.864,-inf,0,-54.5725,
28.89,-inf,0,-55.2908,
28.922,-inf,0,-55.2908,
28.958,-inf,0,-55.2908,
28.982,-inf,0,-55.2908,
29.013,-inf,0,-55.2908,
29.054,-inf,0,-55.9197,
29.092,-inf,0,-55.9197,
29.122,-inf,0,-55.9197,
29.161,-inf,0,-55.9197,
29.197,-inf,0,-55.9197,
29.229,-inf,0,-56.7906,
29.266,-inf,0,-56.7906,
29.289,-inf,0,-56.7906,
29.322,-inf,0,-56.7906,
29.354,-inf,0,-57.4408,
29.381,-inf,0,-57.4408,
29.409,-inf,0,-57.4408,
29.448,-inf,0,-57.4408,
29.474,-inf,0,-57.4408,
29.513,-inf,0,-57.4408,
29.541,-inf,0,-58.3311,
29.575,-inf,0,-58.3311,
29.609,-inf,0,-58.3311,
29.643,-inf,0,-58.3311,
29.674,-inf,0,-58.3311,
29.709,-inf,0,-59.0919,
29.738,-inf,0,-59.0919,
29.778,-inf,0,-59.0919,
29.802,-inf,0,-59.0919,
29.842,-inf,0,-59.7478,
29.881,-inf,0,-59.7478,
29.913,-inf,0,-59.7478,
29.95,-inf,0,-59.7478,
29.982,-inf,0,-60.6658,
30.016,-inf,0,-60.6658,
30.044,-inf,0,-60.6658,
30.081,-inf,0,-60.6658,
30.112,-inf,0,-61.5211,
30.146,-inf,0,-61.5211,
30.18,-inf,0,-61.5211,
30.212,-inf,0,-61.5211,
30.243,-inf,0,-61.5211,
30.277,-inf,0,-62.3211,
30.309,-inf,0,-62.3211,
30.348,-inf,0,-63.0447,
30.382,-inf,0,-63.0447,
30.411,-inf,0,-63.0447,
30.444,-inf,0,-63.0447,
30.473,-inf,0,-63.5369,
30.506,-inf,0,-63.5369,
30.534,-inf,0,-63.5369,
30.568,-inf,0,-63.5369,
30.598,-inf,0,-64.5258,
30.632,-inf,0,-64.5258,
30.662,-inf,0,-64.5258,
30.693,-inf,0,-64.5258,
30.725,-inf,0,-64.8708,
30.762,-inf,0,-64.8708,
30.795,-inf,0,-64.8708,
30.822,-inf,0,-64.8708,
30.851,-inf,0,-64.8708,
30.889,-inf,0,-65.3683,
30.911,-inf,0,-65.3683,
30.947,-inf,0,-65.3683,
30.982,-inf,0,-65.3683,
31.017,-inf,0,-65.3683,
31.053,-inf,0,-65.9983,
31.09,-inf,0,-65.9983,
31.116,-inf,0,-65.9983,
31.139,-inf,0,-65.9983,
31.169,-inf,0,-65.9983,
31.206,-inf,0,-66.6289,
31.228,-inf,0,-66.6289,
31.262,-inf,0,-66.6289,
31.293,-inf,0,-66.6289,
31.318,-inf,0,-66.6289,
31.349,-inf,0,-66.6289,
31.383,-inf,0,-67.4294,
31.414,-inf,0,-67.4294,
31.449,-inf,0,-67.4294,
31.478,-inf,0,-68.3947,
31.516,-inf,0,-68.3947,
31.538,-inf,0,-68.3947,
31.573,-inf,0,-68.3947,
31.606,-inf,0,-69.0294,
31.641,-inf,0,-69.0294,
31.683,-inf,0,-69.0294,
31.725,-inf,0,-69.0294,
31.759,-inf,0,-69.0294,
31.792,-inf,0,-69.0294,
31.825,-inf,0,-69.9089,
31.849,-inf,0,-69.9089,
31.885,-inf,0,-69.9089,
31.917,-inf,0,-69.9089,
31.954,-inf,0,-69.9089,
31.984,-inf,0,-70.5542,
32.028,-inf,0,-70.5542,
32.059,-inf,0,-70.5542,
32.096,-inf,0,-71.0289,
32.132,-inf,0,-71.0289,
32.162,-inf,0,-71.0289,
32.195,-inf,0,-71.0289,
32.226,-inf,0,-72.1044,
32.261,-inf,0,-72.1044,
32.287,-inf,0,-72.1044,
32.321,-inf,0,-72.1044,
32.352,-inf,0,-72.9236,
32.385,-inf,0,-72.9236,
32.411,-inf,0,-72.9236,
32.448,-inf,0,-72.9236,
32.482,-inf,0,-73.4761,
32.514,-inf,0,-73.4761,
32.543,-inf,0,-73.4761,
32.576,-inf,0,-73.4761,
32.598,-inf,0,-73.4761,
32.632,-inf,0,-73.4761,
32.661,-inf,0,-74.2989,
32.695,-inf,0,-74.2989,
32.728,-inf,0,-74.2989,
32.764,-inf,0,-74.2989,
32.788,-inf,0,-74.2989,
32.826,-inf,0,-74.2989,
32.857,-inf,0,-74.7903,
32.892,-inf,0,-74.7903,
32.922,-inf,0,-74.7903,
32.957,-inf,0,-74.7903,
32.987,-inf,0,-75.4089,
33.022,-inf,0,-75.4089,
33.057,-inf,0,-75.4089,
33.079,-inf,0,-75.4089,
33.119,-inf,0,-76.3375,
33.159,-inf,0,-76.3375,
33.198,-inf,0,-76.3375,
33.237,-inf,0,-77.3067,
33.27,-inf,0,-77.3067,
33.297,-inf,0,-77.3067,
33.321,-inf,0,-77.3067,
33.348,-inf,0,-77.3067,
33.383,-inf,0,-78.1414,
33.413,-inf,0,-78.1414,
33.454,-inf,0,-78.1414,
33.487,-inf,0,-78.1414,
33.519,-inf,0,-78.7631,
33.547,-inf,0,-78.7631,
33.58,-inf,0,-78.7631,
33.612,-inf,0,-78.7631,
33.644,-inf,0,-78.7631,
33.677,-inf,0,-79.3264,
33.714,-inf,0,-79.3264,
33.745,-inf,0,-79.3264,
33.778,-inf,0,-79.9714,
33.82,-inf,0,-79.9714,
33.85,-inf,0,-79.9714,
33.882,-inf,0,-80.625,
33.912,-inf,0,-80.625,
33.946,-inf,0,-80.625,
33.972,-inf,0,-80.625,
34.005,-inf,0,-80.625,
34.036,-inf,0,-81.5972,
34.069,-inf,0,-81.5972,
34.098,-inf,0,-81.5972,
34.134,-inf,0,-81.9536,
34.165,-inf,0,-81.9536,
34.199,-inf,0,-81.9536,
34.231,-inf,0,-82.6275,
34.263,-inf,0,-82.6275,
34.295,-inf,0,-82.6275,
34.322,-inf,0,-82.6275,
34.351,-inf,0,-82.6275,
34.388,-inf,0,-83.2492,
34.417,-inf,0,-83.2492,
34.446,-inf,0,-83.2492,
34.478,-inf,0,-83.8706,
34.512,-inf,0,-83.8706,
34.54,-inf,0,-83.8706,
34.574,-inf,0,-83.8706,
34.605,-inf,0,-84.3728,
34.64,-inf,0,-84.3728,
34.67,-inf,0,-84.3728,
34.706,-inf,0,-85.1058,
34.731,-inf,0,-85.1058,
34.771,-inf,0,-85.1058,
34.802,-inf,0,-85.1058,
34.835,-inf,0,-85.1058,
34.867,-inf,0,-85.4675,
34.899,-inf,0,-85.4675,
34.93,-inf,0,-85.4675,
34.963,-inf,0,-85.4675,
34.994,-inf,0,-85.4675,
35.029,-inf,0,-86.2417,
35.073,-inf,0,-86.2417,
35.102,-inf,0,-86.2417,
35.136,-inf,0,-86.2417,
35.177,-inf,0,-86.7375,
35.212,-inf,0,-86.7375,
35.245,-inf,0,-86.7375,
35.284,-inf,0,-87.5653,
35.318,-inf,0,-87.5653,
35.354,-inf,0,-87.5653,
35.384,-inf,0,-87.5653,
35.414,-inf,0,-88.2228,
35.447,-inf,0,-88.2228,
35.475,-inf,0,-88.2228,
35.509,-inf,0,-88.2228,
35.539,-inf,0,-88.9169,
35.57,-inf,0,-88.9169,
35.597,-inf,0,-88.9169,
35.63,-inf,0,-88.9169,
35.659,-inf,0,-89.7747,
35.695,-inf,0,-89.7747,
35.72,-inf,0,-89.7747,
35.761,-inf,0,-90.1889,
35.784,-inf,0,-90.1889,
35.819,-inf,0,-90.1889,
35.852,-inf,0,-90.1889,
35.885,-inf,0,-90.1889,
35.916,-inf,0,-90.1889,
35.952,-inf,0,-90.7806,
35.985,-inf,0,-90.7806,
36.018,-inf,0,-90.7806,
36.044,-inf,0,-91.3942,
36.071,-inf,0,-91.3942,
36.103,-inf,0,-91.3942,
36.131,-inf,0,-91.3942,
36.163,-inf,0,-91.3942,
36.196,-inf,0,-91.8878,
36.228,-inf,0,-91.8878,
36.269,-inf,0,-92.8289,
36.3,-inf,0,-92.8289,
36.342,-inf,0,-92.8289,
36.379,-inf,0,-92.8289,
36.41,-inf,0,-93.5122,
36.449,-inf,0,-93.5122,
36.479,-inf,0,-93.5122,
36.524,-inf,0,-94.0614,
36.56,-inf,0,-94.0614,
36.598,-inf,0,-94.0614,
36.635,-inf,0,-94.5569,
36.659,-inf,0,-94.5569,
36.703,-inf,0,-94.5569,
36.73,-inf,0,-94.5569,
36.767,-inf,0,-94.5569,
36.798,-inf,0,-95.1361,
36.832,-inf,0,-95.1361,
36.863,-inf,0,-95.1361,
36.892,-inf,0,-95.1361,
36.923,-inf,0,-95.1361,
36.96,-inf,0,-95.8203,
36.991,-inf,0,-95.8203,
37.025,-inf,0,-95.8203,
37.057,-inf,0,-96.4231,
37.097,-inf,0,-96.4231,
37.129,-inf,0,-96.4231,
37.159,-inf,0,-97.0722,
37.192,-inf,0,-97.0722,
37.22,-inf,0,-97.0722,
37.26,-inf,0,-97.0722,
37.292,-inf,0,-97.8886,
37.327,-inf,0,-97.8886,
37.36,-inf,0,-97.8886,
37.4,-inf,0,-97.8886,
37.429,-inf,0,-98.5572,
37.463,-inf,0,-98.5572,
37.494,-inf,0,-98.5572,
37.532,-inf,0,-98.5572,
37.565,-inf,0,-98.9289,
37.595,-inf,0,-98.9289,
37.628,-inf,0,-98.9289,
37.659,-inf,0,-99.6808,
37.697,-inf,0,-99.6808,
37.721,-inf,0,-99.6808,
37.762,-inf,0,-100.237,
37.799,-inf,0,-100.237,
37.841,-inf,0,-100.237,
37.874,-inf,0,-101.094,
37.909,-inf,0,-101.094,
37.944,-inf,0,-101.094,
37.977,-inf,0,-101.576,
38.007,-inf,0,-101.576,
38.037,-inf,0,-101.576,
38.078,-inf,0,-101.576,
38.112,-inf,0,-101.576,
38.147,-inf,0,-101.576,
38.177,-inf,0,-102.045,
38.21,-inf,0,-102.045,
38.241,-inf,0,-102.045,
38.274,-inf,0,-102.045,
38.302,-inf,0,-102.045,
38.338,-inf,0,-102.436,
38.361,-inf,0,-102.436,
38.396,-inf,0,-102.436,
38.424,-inf,0,-102.436,
38.459,-inf,0,-102.436,
38.491,-inf,0,-103.14,
38.522,-inf,0,-103.14,
38.549,-inf,0,-103.14,
38.579,-inf,0,-103.14,
38.605,-inf,0,-104.012,
38.633,-inf,0,-104.012,
38.664,-inf,0,-104.012,
38.698,-inf,0,-104.012,
38.73,-inf,0,-104.82,
38.765,-inf,0,-104.82,
38.797,-inf,0,-104.82,
38.832,-inf,0,-105.582,
38.863,-inf,0,-105.582,
38.897,-inf,0,-105.582,
38.929,-inf,0,-105.582,
38.962,-inf,0,-106.348,
38.991,-inf,0,-106.348,
39.025,-inf,0,-106.348,
39.059,-inf,0,-106.348,
39.096,-inf,0,-106.928,
39.129,-inf,0,-106.928,
39.161,-inf,0,-106.928,
39.196,-inf,0,-107.438,
39.224,-inf,0,-107.438,
39.259,-inf,0,-107.438,
39.295,-inf,0,-107.953,
39.326,-inf,0,-107.953,
39.354,-inf,0,-107.953,
39.386,-inf,0,-107.953,
39.41,-inf,0,-108.589,
39.444,-inf,0,-108.589,
39.473,-inf,0,-108.589,
39.509,-inf,0,-109.111,
39.539,-inf,0,-109.111,
39.578,-inf,0,-109.111,
39.61,-inf,0,-109.111,
39.643,-inf,0,-109.746,
39.673,-inf,0,-109.746,
39.709,-inf,0,-109.746,
39.737,-inf,0,-109.746,
39.772,-inf,0,-109.746,
39.803,-inf,0,-110.242,
39.84,-inf,0,-110.242,
39.881,-inf,0,-110.242,
39.908,-inf,0,-110.242,
39.947,-inf,0,-110.809,
39.972,-inf,0,-110.809,
40.011,-inf,0,-110.809,
40.042,-inf,0,-110.809,
40.078,-inf,0,-110.809,
40.11,-inf,0,-111.338,
40.143,-inf,0,-111.338,
40.174,-inf,0,-111.338,
40.201,-inf,0,-111.338,
40.23,-inf,0,-111.338,
40.265,-inf,0,-112.155,
40.289,-inf,0,-112.155,
40.323,-inf,0,-112.155,
40.354,-inf,0,-112.155,
40.381,-inf,0,-112.155,
40.419,-inf,0,-113.016,
40.456,-inf,0,-113.016,
40.485,-inf,0,-113.016,
40.521,-inf,0,-113.694,
40.551,-inf,0,-113.694,
40.586,-inf,0,-113.694,
40.617,-inf,0,-113.694,
40.657,-inf,0,-114.497,
40.694,-inf,0,-114.497,
40.724,-inf,0,-114.497,
40.762,-inf,0,-115.374,
40.797,-inf,0,-115.374,
40.824,-inf,0,-115.374,
40.857,-inf,0,-115.374,
40.896,-inf,0,-115.907,
40.928,-inf,0,-115.907,
40.963,-inf,0,-115.907,
40.996,-inf,0,-116.586,
41.034,-inf,0,-116.586,
41.066,-inf,0,-116.586,
41.099,-inf,0,-116.586,
41.135,-inf,0,-116.94,
41.169,-inf,0,-116.94,
41.204,-inf,0,-117.617,
41.236,-inf,0,-117.617,
41.282,-inf,0,-117.617,
41.31,-inf,0,-117.617,
41.346,-inf,0,-117.617,
41.391,-inf,0,-117.617,
41.421,-inf,0,-117.617,
41.458,-inf,0,-117.617,
41.486,-inf,0,-117.617,
41.523,-inf,0,-117.617,
41.555,-inf,0,-117.617,
41.59,-inf,0,-117.617,
41.62,-inf,0,-117.617,
41.653,-inf,0,-117.617,
41.68,-inf,0,-117.617,
41.719,-inf,0,-117.617,
41.758,-inf,0,-118.313,
41.788,-inf,0,-118.313,
41.827,-inf,0,-118.313,
41.854,-inf,0,-118.799,
41.891,-inf,0,-118.799,
41.925,-inf,0,-118.799,
41.954,-inf,0,-118.799,
41.989,-inf,0,-119.358,
42.028,-inf,0,-119.358,
42.07,-inf,0,-119.358,
42.108,-inf,0,-122.106,
42.147,-inf,0,-122.106,
42.17,-inf,0,-122.106,
42.208,-inf,0,-122.106,
42.243,-inf,0,-122.625,
42.288,-inf,0,-122.625,
42.328,-inf,0,-122.625,
42.361,-inf,0,-123.285,
42.4,-inf,0,-123.285,
42.43,-inf,0,-123.285,
42.471,-inf,0,-123.841,
42.504,-inf,0,-123.841,
42.538,-inf,0,-123.841,
42.573,-inf,0,-123.841,
42.596,-inf,0,-123.841,
42.634,-inf,0,-124.378,
42.667,-inf,0,-124.378,
42.699,-inf,0,-124.378,
42.729,-inf,0,-124.378,
42.764,-inf,0,-124.959,
42.793,-inf,0,-124.959,
42.826,-inf,0,-124.959,
42.849,-inf,0,-124.959,
42.9,-inf,0,-125.667,
42.935,-inf,0,-125.667,
42.981,-inf,0,-125.667,
43.027,-inf,0,-125.667,
43.068,-inf,0,-126.511,
43.097,-inf,0,-126.511,
43.135,-inf,0,-127.024,
43.161,-inf,0,-127.024,
43.202,-inf,0,-127.024,
43.227,-inf,0,-127.024,
43.264,-inf,0,-127.024,
43.295,-inf,0,-127.776,
43.329,-inf,0,-127.776,
43.36,-inf,0,-127.776,
43.388,-inf,0,-127.776,
43.42,-inf,0,-127.776,
43.457,-inf,0,-128.667,
43.483,-inf,0,-128.667,
43.522,-inf,0,-128.667,
43.559,-inf,0,-128.667,
43.598,-inf,0,-128.667,
43.64,-inf,0,-129.024,
43.669,-inf,0,-129.024,
43.708,-inf,0,-129.024,
43.74,-inf,0,-129.024,
43.774,-inf,0,-129.024,
43.804,-inf,0,-129.66,
43.851,-inf,0,-129.66,
43.889,-inf,0,-129.66,
43.917,-inf,0,-129.66,
43.956,-inf,0,-130.479,
43.989,-inf,0,-130.479,
44.029,-inf,0,-130.479,
44.07,-inf,0,-130.479,
44.102,-inf,0,-131.489,
44.138,-inf,0,-131.489,
44.174,-inf,0,-131.489,
44.21,-inf,0,-131.489,
44.243,-inf,0,-132.414,
44.276,-inf,0,-132.414,
44.305,-inf,0,-132.414,
44.361,-inf,0,-132.414,
44.404,-inf,0,-132.414,
44.435,-inf,0,-132.414,
44.475,-inf,0,-132.414,
44.515,-inf,0,-132.414,
44.547,-inf,0,-132.414,
44.587,-inf,0,-132.414,
44.621,-inf,0,-132.414,
44.658,-inf,0,-132.414,
44.697,-inf,0,-132.414,
44.733,-inf,0,-132.414,
44.776,-inf,0,-132.961,
44.821,-inf,0,-132.961,
44.853,-inf,0,-132.961,
44.892,-inf,0,-133.694,
44.925,-inf,0,-133.694,
44.96,-inf,0,-133.694,
44.993,-inf,0,-134.43,
45.036,-inf,0,-134.43,
45.072,-inf,0,-134.43,
45.102,-inf,0,-135.077,
45.134,-inf,0,-135.077,
45.159,-inf,0,-135.077,
45.2,-inf,0,-135.077,
45.233,-inf,0,-137.833,
45.261,-inf,0,-137.833,
45.292,-inf,0,-137.833,
45.328,-inf,0,-137.833,
45.353,-inf,0,-137.833,
45.39,-inf,0,-138.187,
45.421,-inf,0,-138.187,
45.455,-inf,0,-138.187,
45.486,-inf,0,-138.754,
45.527,-inf,0,-138.754,
45.574,-inf,0,-139.371,
45.606,-inf,0,-139.371,
45.644,-inf,0,-139.371,
45.673,-inf,0,-139.371,
45.708,-inf,0,-140.34,
45.742,-inf,0,-140.34,
45.785,-inf,0,-140.34,
45.823,-inf,0,-140.858,
45.853,-inf,0,-140.858,
45.885,-inf,0,-140.858,
45.914,-inf,0,-141.211,
45.948,-inf,0,-141.211,
45.979,-inf,0,-141.211,
46.013,-inf,0,-141.211,
46.046,-inf,0,-141.794,
46.077,-inf,0,-141.794,
46.104,-inf,0,-141.794,
46.137,-inf,0,-141.794,
46.169,-inf,0,-142.476,
46.209,-inf,0,-142.476,
46.244,-inf,0,-142.476,
46.282,-inf,0,-142.476,
46.32,-inf,0,-142.98,
46.349,-inf,0,-142.98,
46.411,-inf,0,-142.98,
46.44,-inf,0,-142.98,
46.476,-inf,0,-142.98,
46.515,-inf,0,-143.484,
46.54,-inf,0,-143.484,
46.581,-inf,0,-143.484,
46.606,-inf,0,-143.484,
46.641,-inf,0,-143.484,
46.674,-inf,0,-143.484,
46.717,-inf,0,-144.256,
46.761,-inf,0,-144.256,
46.801,-inf,0,-144.256,
46.844,-inf,0,-144.993,
46.884,-inf,0,-144.993,
46.913,-inf,0,-144.993,
46.95,-inf,0,-144.993,
46.98,-inf,0,-145.762,
47.023,-inf,0,-145.762,
47.058,-inf,0,-145.762,
47.097,-inf,0,-146.777,
47.134,-inf,0,-146.777,
47.164,-inf,0,-146.777,
47.199,-inf,0,-147.589,
47.226,-inf,0,-147.589,
47.262,-inf,0,-147.589,
47.29,-inf,0,-147.589,
47.326,-inf,0,-147.589,
47.364,-inf,0,-148.165,
47.399,-inf,0,-148.165,
47.429,-inf,0,-148.165,
47.461,-inf,0,-148.895,
47.492,-inf,0,-148.895,
47.525,-inf,0,-148.895,
47.557,-inf,0,-148.895,
47.596,-inf,0,-149.429,
47.627,-inf,0,-149.429,
47.658,-inf,0,-149.429,
47.689,-inf,0,-150.054,
47.721,-inf,0,-150.054,
47.757,-inf,0,-150.054,
47.794,-inf,0,-150.756,
47.83,-inf,0,-150.756,
47.861,-inf,0,-150.756,
47.892,-inf,0,-150.756,
47.925,-inf,0,-151.406,
47.951,-inf,0,-151.406,
47.986,-inf,0,-151.406,
48.017,-inf,0,-151.406,
48.05,-inf,0,-151.883,
48.085,-inf,0,-151.883,
48.118,-inf,0,-151.883,
48.149,-inf,0,-151.883,
48.18,-inf,0,-151.883,
48.209,-inf,0,-151.883,
48.241,-inf,0,-151.883,
48.273,-inf,0,-151.883,
48.305,-inf,0,-151.883,
48.337,-inf,0,-151.883,
48.364,-inf,0,-151.883,
48.392,-inf,0,-151.883,
48.424,-inf,0,-151.883,
48.455,-inf,0,-151.883,
48.486,-inf,0,-151.883,
48.518,-inf,0,-151.883,
48.549,-inf,0,-151.883,
48.586,-inf,0,-151.883,
48.608,-inf,0,-151.883,
48.643,-inf,0,-151.883,
48.666,-inf,0,-151.883,
48.703,-inf,0,-151.883,
48.726,-inf,0,-151.883,
48.761,-inf,0,-151.883,
48.792,-inf,0,-151.883,
48.826,-inf,0,-151.883,
48.861,-inf,0,-151.883,
48.891,-inf,0,-151.883,
48.923,-inf,0,-151.883,
